wegtuen	wegtun
dartuen	dartun
ausscheissen	ausscheißen
enterund	entrunden
zutuen	zutun
auseinanderbreit	auseinanderbreiten
hineinbeissen	hineinbeißen
beknieen	beknien
volllügen	vollügen
verheern	verheeren
herumtuen	herumtun
schnell	schnellen
abbeissen	abbeißen
aufeinanderbeissen	aufeinanderbeißen
mucksch	muckschen
tätig	tätigen
abreissen	abreißen
zerschleissen	zerschleißen
ausleern	ausleeren
rausschmeissen	rausschmeißen
rumbeissen	rumbeißen
heissen	heißen
hervortuen	hervortun
herausschmeissen	herausschmeißen
bescheissen	bescheißen
durchreissen	durchreißen
einschern	einscheren
hinwegtuen	hinwegtun
rekreiern	rekreieren
einteern	einteeren
zusammenbeissen	zusammenbeißen
starr	starren
übeltuen	übeltun
einschmeissen	einschmeißen
mittuen	mittun
erschwern	erschweren
vorfrisch	vorfrischen
rege	regen
durchbeissen	durchbeißen
herausreissen	herausreißen
reissen	reißen
zurückblink	zurückblinken
reinscheissen	reinscheißen
zurückreissen	zurückreißen
hinausschmeissen	hinausschmeißen
missleiten	missleiten
verreissen	verreißen
entelangkuteschier	entlangkutschieren
dicht	dichten
rumschmeissen	rumschmeißen
einkraus	einkrausen
anschmeissen	anschmeißen
klugscheissen	klugscheißen
antuen	antun
hineinknieen	hineinknien
fremd	fremden
missdeuten	missdeuten
runterschmeissen	runterschmeißen
zuvortuen	zuvortun
zurückschmeissen	zurückschmeißen
bequem	bequemen
rumreissen	rumreißen
misskennen	mißkennen
emporestarr	emporstarren
dazuleern	dazuleeren
vortuen	vortun
geheimtuen	geheimtun
hinknieen	hinknien
herreissen	herreißen
hinschmeissen	hinschmeißen
mitkreiern	mitkreieren
süß	süßen
rausreissen	rausreißen
austeern	austeeren
vollrauch	vollrauchen
verbeissen	verbeißen
nachreissen	nachreißen
emporreissen	emporreißen
aufknieen	aufknien
herunterschmeissen	herunterschmeißen
wohltuen	wohltun
dazutuen	dazutun
auseinandertuen	auseinandertun
verscheissen	verscheißen
herumreissen	herumreißen
anscheissen	anscheißen
rausschern	rausscheren
aufbeissen	aufbeißen
kreiern	kreieren
tücksch	tückschen
karg	kargen
herausbeissen	herausbeißen
dahinterknieen	dahinterknien
herunterreissen	herunterreißen
zerbeissen	zerbeißen
entleern	entleeren
beituen	beitun
hinbeissen	hinbeißen
wiedertuen	wiedertun
hinausschern	hinausscheren
öde	öden
dazuschmeissen	dazuschmeißen
guttuen	guttun
kundtuen	kundtun
festbeissen	festbeißen
wehtuen	wehtun
fett	fetten
runterbeissen	runterbeißen
herumschmeissen	herumschmeißen
beissen	beißen
beschwern	beschweren
entzweireissen	entzweireißen
abtuen	abtun
überrank	überranken
hereinreissen	hereinreißen
hinunterschmeissen	hinunterschmeißen
einreissen	einreißen
hinreissen	hinreißen
leidtuen	leidtun
anreissen	anreißen
dicktuen	dicktun
hinaufreissen	hinaufreißen
zuschmeissen	zuschmeißen
reintuen	reintun
ausreissen	ausreißen
still	stillen
schmeissen	schmeißen
fortreissen	fortreißen
reinschmeissen	reinschmeißen
auftuen	auftun
leer	leeren
wegbeissen	wegbeißen
ausbeissen	ausbeißen
wegschmeissen	wegschmeißen
fortmareschier	fortmarschieren
nötig	nötigen
züchtig	züchtigen
draufscheissen	draufscheißen
entreissen	entreißen
weiterschern	weiterscheren
überbuchen	überbuchten
rüberschmeissen	rüberschmeißen
hinwegreissen	hinwegreißen
vorantuen	vorantun
rossen	roßen
herschern	herscheren
übergell	übergellen
reinbeissen	reinbeißen
wüst	wüsten
hinzutuen	hinzutun
feucht	feuchten
hinaustuen	hinaustun
herspringen	herzuspringen
abschmeissen	abschmeißen
hineintuen	hineintun
fortsoll	fortsollen
aufschmeissen	aufschmeißen
wegreissen	wegreißen
auseinanderreissen	auseinanderreißen
nottuen	nottun
grau	grauen
wegleern	wegleeren
hineinschmeissen	hineinschmeißen
zerschmeissen	zerschmeißen
kaputtreissen	kaputtreißen
einfeucht	einfeuchten
transchier	transchieren
heranschmeissen	heranschmeißen
hochreissen	hochreißen
beschmeissen	beschmeißen
plump	plumpen
hintuen	hintun
eintuen	eintun
knapp	knappen
recht	rechten
weiterreissen	weiterreißen
fortschern	fortscheren
zusammenschmeissen	zusammenschmeißen
abschleissen	abschleißen
reinknieen	reinknien
fein	feinen
heilig	heiligen
ausschern	ausscheren
heimlichtuen	heimlichtun
erfaßen	erfassen
vorüberschwank	vorüberschwanken
totbeissen	totbeißen
zurückirre	zurückirren
darüberleern	darüberleeren
mitreissen	mitreißen
runterreissen	runterreißen
niederreissen	niederreißen
niederknieen	niederknien
abschern	abscheren
umreissen	umreißen
zuteern	zuteeren
davonschern	davonscheren
hindurchbeissen	hindurchbeißen
misstönen	mißtönen
reinleern	reinleeren
zuscheissen	zuscheißen
spleissen	spleißen
überteern	überteeren
ableern	ableeren
hinabreissen	hinabreißen
zusammenreissen	zusammenreißen
umtuen	umtun
vermassen	vermaßen
toll	tollen
genugtuen	genugtun
hereilen	herzueilen
nachschmeissen	nachschmeißen
hineinreissen	hineinreißen
hinunterreissen	hinunterreißen
umschmeissen	umschmeißen
abtrott	abtrotten
reinschern	reinscheren
steif	steifen
nah	nahen
zusammentuen	zusammentun
wegirre	wegirren
teern	teeren
entzweibeissen	entzweibeißen
leichttuen	leichttun
großtuen	großtun
zerspleissen	zerspleißen
heraustuen	heraustun
wegseng	wegsengen
zubeissen	zubeißen
reinreissen	reinreißen
austuen	austun
hineinleern	hineinleeren
dicketuen	dicketun
nachtuen	nachtun
aufreissen	aufreißen
licht	lichten
umleern	umleeren
überfällen	überfallen
davonreissen	davonreißen
herabreissen	herabreißen
ranschmeissen	ranschmeißen
knieen	knien
frei	freien
zurückschwank	zurückschwanken
kahlschern	kahlscheren
emporelang	emporlangen
harsch	harschen
gleichtuen	gleichtun
fortschmeissen	fortschmeißen
rückkühl	rückkühlen
geil	geilen
losreissen	losreißen
schöntuen	schöntun
fromm	frommen
zurücktuen	zurücktun
anbeissen	anbeißen
zerreissen	zerreißen
scheissen	scheißen
wegschern	wegscheren
draufschmeissen	draufschmeißen
schwertuen	schwertun
jung	jungen
auffällen	auffallen
schwerfällen	schwerfallen
vorstelle	vorstellen
ausbreit	ausbreiten
anfällen	anfallen
zufällen	zufallen
anrege	anregen
aufrege	aufregen
anruf	anrufen
abwarte	abwarten
zustimme	zustimmen
durchfällen	durchfallen
auseinanderfällen	auseinanderfallen
einfällen	einfallen
abreisten	abreisen
aufbegehrt	aufbegehren
herausfällen	herausfallen
ausreiche	ausreichen
herfällen	herfallen
anzeihen	anziehen
ausfalle	ausfallen
teilnahm	teilnehmen
ausgleich	ausgleichen
umbenennt	umbenennen
aufgab	aufgeben
auszeihen	ausziehen
ausweit	ausweiten
übereinstimme	übereinstimmen
zuwende	zuwenden
ablehne	ablehnen
vorbehaelt	vorbehalten
abstimme	abstimmen
ausbleibe	ausbleiben
ankuendigte	ankündigen
nachfrage	nachfragen
abkühl	abkühlen
feststelle	feststellen
wegfalle	wegfallen
herumhangen	herumhängen
hangen	hängen
hineinfällen	hineinfallen
vorbeizeihen	vorbeiziehen
zumissen	zumessen
bemissen	beimessen
anschliesst	anschließen
ausschliesst	ausschließen
niederliessen	niederlassen
einbüsste	einbüßen
losreissen	losreißen
niederliess	niederlassen
wegreissen	wegreißen
